ItemName,Quantity,TotalCost
Laptop Bag,652,20857.24
Desk Chair,623,91857.81999999999
Stapler,622,6328.27
Whiteboard,543,80960.79000000001
Laptop,532,472284.81
Notepad,513,999.29
Monitor,459,130072.59
Printer,440,95447.83
Printer Ink,390,5753.889999999999
Annual Software License,46,336018.0
